Workbook

Sheet Summary
A1: Verified Agent Transport — Feature Registry
A2: The QueryBook AI Agent Wrapper Service. Extracted from QueryBook Composite Feature Registry v67 (rows 364–381); numbering follows the standalone application.
A4: Measure | B4: Value
A5: Features | B5: =COUNTA(Features!A2:A200) -> 18
A6: Features specified, not yet built | B6: =COUNTIF(Features!J2:J200,"Specified") -> 18
A7: Features with a worked expression | B7: =SUMPRODUCT(--(Features!I2:I200<>"")) -> 10
A8: Features shown in FIG. 1 | B8: =COUNTIF(Features!D2:D200,"*1*") -> 8
A9: Features shown in FIG. 2 | B9: =COUNTIF(Features!D2:D200,"*2*") -> 11
A10: Algorithms | B10: =COUNTA(Algorithms!A2:A100) -> 6
A11: Reference numerals | B11: =COUNTA('Reference Numerals'!A2:A100) -> 32
A12: Claims | B12: =COUNTA('Claims Map'!A2:A100) -> 11
A13: Independent claims | B13: =COUNTIF('Claims Map'!B2:B100,"Independent*") -> 2
A15: Features by domain
A16: Access, Rights & Retention | B16: =COUNTIF(Features!C2:C200,A16) -> 2
A17: External Integration & Analysis | B17: =COUNTIF(Features!C2:C200,A17) -> 6
A18: Inference, Prediction & Calibration | B18: =COUNTIF(Features!C2:C200,A18) -> 2
A19: Ingestion & Sensory Intake | B19: =COUNTIF(Features!C2:C200,A19) -> 1
A20: Knowledge Substrate | B20: =COUNTIF(Features!C2:C200,A20) -> 2
A21: Platform Governance & Evolution | B21: =COUNTIF(Features!C2:C200,A21) -> 4
A22: Retrieval & Response | B22: =COUNTIF(Features!C2:C200,A22) -> 1

Sheet Features
A1: ID | B1: Feature | C1: Domain | D1: FIG. (this application) | E1: FIG. (QueryBook application) | F1: Role | G1: Function | H1: Rule | I1: Worked expression | J1: Status | K1: Prototype module | L1: QueryBook Registry v67 No.
A2: VAT-01 | B2: VAT Sidecar Relay | C2: External Integration & Analysis | D2: 1 | E2: 56 | F2: Agent / Operator | G2: Place a sidecar beside each AI agent as its only network route; the sidecar frames, verifies, records and certifies every message the agent sends or receives (110). | H2: Only traffic that passes through the sidecar is verified, recorded and certified; the agent itself is unmodified. | J2: Specified | K2: qb_vat_sidecar (planned) | L2: 364
A3: VAT-02 | B3: Agent Egress Lock | C3: Access, Rights & Retention | D3: 1 | E3: 56 | F3: Operator | G3: Restrict the agent's outbound network access to its sidecar by firewall rule, Kubernetes NetworkPolicy or container namespace (105). | H3: Any connection from the agent to a destination other than the sidecar is dropped and recorded. | I3: =IF("127.0.0.1:8790"="127.0.0.1:8790","Allow - sidecar","Drop and record") -> Allow - sidecar | J3: Specified | K3: qb_vat_sidecar (planned) | L3: 365
A4: VAT-03 | B4: VAT Protocol Adapters (MCP / A2A / HTTP) | C4: External Integration & Analysis | D4: 1 | E4: 56, 54 (also cites QueryBook FIG. 54) | F4: Agent | G4: Accept the agent's existing Model Context Protocol tool calls, agent-to-agent messages and HTTP requests and translate them into frames (112). | H4: Adapters change the carriage, never the content; untranslatable traffic is refused, not forwarded raw. | J4: Specified | K4: qb_vat_sidecar (planned) | L4: 366
A5: VAT-04 | B5: VAT Frame Types 16–27 | C5: External Integration & Analysis | D5: 1 | E5: 56, 55 (also cites QueryBook FIG. 55) | F5: Agent | G5: Extend the UFCS-FQL/1 frame with message types CLAIM, QUERY, ANSWER, INTENT, ACTION, RESULT, VERDICT, DATA, CERT, HAVE, WANT and TEXT, leaving the 32-byte header unchanged (118). | H5: Types 0–2 keep their existing meaning; an unknown type is rejected by the codec. | I5: =IF(AND(22>=16,22<=27),"VAT type "&22&" = VERDICT","Not a VAT type") -> VAT type 22 = VERDICT | J5: Specified | K5: qb_vat_frames (planned) | L5: 367
A6: VAT-05 | B6: Verified-Hop Flag and Session/Hop Field | C6: External Integration & Analysis | D6: 1 | E6: 56 | F6: Agent | G6: Mark a frame that has passed a verifying hop with flag 0x0040 and carry a session number and hop count in the reserved header field. | H6: A frame claiming verification without a matching signed verdict in the ledger is treated as unverified. | I6: =IF(MOD(INT((64+8)/64),2)=1,"Verified hop","Not verified") -> Verified hop | J6: Specified | K6: qb_vat_frames (planned) | L6: 368
A7: VAT-06 | B7: VAT Lanes over QUIC with TLS/TCP Fallback | C7: External Integration & Analysis | D7: 1 | E7: 56 | F7: Operator | G7: Carry control, normal and bulk lanes as independent QUIC streams over one encrypted connection, or as three TLS-on-TCP connections where QUIC is unavailable (120–126). | H7: A stalled bulk transfer never delays a verdict on the control lane. | J7: Specified | K7: qb_vat_sidecar (planned) | L7: 369
A8: VAT-07 | B8: Claim Classification and Extraction | C8: Ingestion & Sensory Intake | D8: 2 | E8: 57 | F8: Agent | G8: Classify each sentence of an outbound message as fact, opinion, plan or prediction; extract factual statements as candidate Fact Units with semantic fingerprints (205, 210). | H8: Non-factual content is labelled and never verified; nothing is presented as checked unless it was. | J8: Specified | K8: qb_vat_sidecar (planned) | L8: 370
A9: VAT-08 | B9: In-Transit Claim Verification | C9: Retrieval & Response | D9: 2 | E9: 57 | F9: Agent / Reader | G9: Look up each claim's fingerprint among certified Fact Units at or above minimum trust; absent a match, run an FQL contradiction query for same subject and predicate with a different object (220, 225). | H9: Outcome is VERIFIED, CONTRADICTED or UNKNOWN — never a guess; the verifier is a read-only client of the store. | I9: =IF(TRUE(),"VERIFIED",IF(FALSE(),"CONTRADICTED","UNKNOWN")) -> VERIFIED | J9: Specified | K9: qb_vat_verify (planned) | L9: 371
A10: VAT-09 | B10: Signed Verdict Frame and Delivery Policy | C10: Platform Governance & Evolution | D10: 2 | E10: 57 | F10: Operator | G10: Return a signed VERDICT frame on the control lane citing the units relied on and their trust; apply policy: deliver, annotate, hold for review or block (240). | H10: A contradicted claim is never delivered unannotated. | I10: =IF("CONTRADICTED"="CONTRADICTED","Block or annotate","Deliver") -> Block or annotate | J10: Specified | K10: qb_vat_verify (planned) | L10: 372
A11: VAT-10 | B11: Verification Coverage Measure | C11: Inference, Prediction & Calibration | D11: 2 | E11: 57 | F11: Reader / Operator | G11: Report coverage as fact-sentence characters successfully converted divided by total fact-sentence characters; content not converted is reported as unchecked. | H11: Unchecked content is never counted as verified. | I11: =ROUND(4600/5000,2) -> 0.92 | J11: Specified | K11: qb_vat_sidecar (planned) | L11: 373
A12: VAT-11 | B12: Agent Intent Binding | C12: Platform Governance & Evolution | D12: 2 | E12: 57 | F12: Agent / Operator | G12: Require an INTENT frame naming tool, target and purpose before action; compare each ACTION with the declared intent and allow-list (245). | H12: An action outside the declared intent yields a CONTRADICTED verdict without reference to the fact store. | I12: =IF("delete_file"="read_file","Matches intent","CONTRADICTED - action outside intent") -> CONTRADICTED - action outside intent | J12: Specified | K12: qb_vat_sidecar (planned) | L12: 374
A13: VAT-12 | B13: Result-versus-Tool-Record Check | C13: Platform Governance & Evolution | D13: 2 | E13: 57 | F13: Operator | G13: Compare each result the agent reports with the record returned by the tool itself (245). | H13: An agent cannot misreport what it did or what a tool returned. | J13: Specified | K13: qb_vat_sidecar (planned) | L13: 375
A14: VAT-13 | B14: Have/Want Fingerprint Exchange | C14: External Integration & Analysis | D14: 2 | E14: 57 | F14: Agent | G14: Before bulk transfer, exchange HAVE and WANT frames of fingerprints so only missing Fact Units are sent; above 4,096 fingerprints use a Bloom filter (false-positive rate ≤ 1e-6) followed by an exact list (290). | H14: No Fact Unit already held by the receiver is resent. | I14: =IF(5000>4096,"Bloom filter","Exact list") -> Bloom filter | J14: Specified | K14: qb_vat_sidecar (planned) | L14: 376
A15: VAT-14 | B15: VAT Privacy Mode (Fingerprint-Only) | C15: Access, Rights & Retention | D15: 2 | E15: 57 | F15: Operator | G15: Send only fingerprints to the verification service; verdicts are computed from fingerprints alone (295). | H15: Message text never leaves the sidecar in privacy mode. | J15: Specified | K15: qb_vat_sidecar (planned) | L15: 377
A16: VAT-15 | B16: Agent Session Certificate | C16: Knowledge Substrate | D16: 2 | E16: 57, 51 (also cites QueryBook FIG. 51) | F16: Reader / Auditor | G16: At session end issue a certificate stating verified, contradicted and unknown counts, coverage and a Merkle root over the ledger, signed by the verifier and sealed as a Fact Unit; optional public anchor (270). | H16: The certificate records what was checked and what the checks found; it does not assert that the agent is honest or that content is true. | I16: ="verified "&41&", contradicted "&2&", unknown "&7&", coverage "&TEXT(0.92,"0%") -> verified 41, contradicted 2, unknown 7, coverage 92% | J16: Specified | K16: qb_vat_sidecar (planned) | L16: 378
A17: VAT-16 | B17: VAT Hash-Chained Ledger with Merkle Checkpoints | C17: Knowledge Substrate | D17: 1, 2 | E17: 56, 57, 53 (also cites QueryBook FIG. 53) | F17: Auditor | G17: Append every claim, verdict, intent, action and result to a hash chain with write-once Merkle checkpoints (160, 250). | H17: Altering any entry breaks the chain and the certificate's Merkle root. | J17: Specified | K17: qb_vat_sidecar (planned) | L17: 379
A18: VAT-17 | B18: Agent Reputation Evidence Pair | C18: Inference, Prediction & Calibration | D18: 2 | E18: 57, 19 (also cites QueryBook FIG. 19) | F18: Operator | G18: Accumulate each agent's verified (α) and contradicted (β) counts; reputation = α / (α + β) with a credible interval (280). | H18: Restriction below the policy threshold always requires a recorded operator decision (Default-on-Deny). | I18: =ROUND((41+1)/((41+1)+(2+1)),3) -> 0.933 | J18: Specified | K18: qb_vat_control (planned) | L18: 380
A19: VAT-18 | B19: VAT Control Plane | C19: Platform Governance & Evolution | D19: 1 | E19: 56 | F19: Operator | G19: Distribute allow-lists, honeytokens, verification tiers and verifier keys to sidecars as signed, pull-only bundles (170). | H19: A sidecar rejects any unsigned or stale bundle. | J19: Specified | K19: qb_vat_control (planned) | L19: 381

Sheet Algorithms
A1: ID | B1: QueryBook ID | C1: Algorithm | D1: Features | E1: FIG. | F1: Inputs | G1: Procedure | H1: Output | I1: Deterministic | J1: Module
A2: VAT-ALG-1 | B2: ALG-14 | C2: Claim classification and extraction | D2: Claim Classification and Extraction; Verification Coverage Measure | E2: 2 | F2: Outbound message text | G2: 1. Split into sentences. 2. Classify each as fact, opinion, plan or prediction (rule-based; any model-assisted classifier is recorded as such). 3. For facts, normalize to subject–predicate–object and compute the semantic fingerprint. 4. Coverage = converted fact-sentence characters ÷ total fact-sentence characters; the rest is unchecked. | H2: Candidate Fact Units with fingerprints; labelled non-facts; coverage | I2: Yes (rule-based path) | J2: qb_vat_sidecar (planned)
A3: VAT-ALG-2 | B3: ALG-15 | C3: In-transit claim verification | D3: In-Transit Claim Verification; Signed Verdict Frame and Delivery Policy | E3: 2 | F3: Claim fingerprint; triple; tier min_trust | G3: 1. If the fingerprint is in the store and its trust ≥ min_trust: VERIFIED, cite it. 2. Else FQL: MATCH subject, predicate WHERE object ≠ claim object AND trust ≥ min_trust; if found: CONTRADICTED, cite the strongest. 3. Else UNKNOWN. 4. Sign the verdict; send on the control lane; apply delivery policy. | H3: Signed VERDICT frame | I3: Yes | J3: qb_vat_verify (planned)
A4: VAT-ALG-3 | B4: ALG-16 | C4: Intent and result binding | D4: Agent Intent Binding; Result-versus-Tool-Record Check | E4: 2 | F4: INTENT frame; ACTION frames; tool records | G4: 1. Record the declared intent (tool, target, purpose). 2. For each ACTION, check tool and target against the intent and allow-list; mismatch gives CONTRADICTED. 3. For each RESULT, compare the agent's report with the tool's own record hash; mismatch gives CONTRADICTED. 4. Append all to the ledger. | H4: Verdicts on actions and results | I4: Yes | J4: qb_vat_sidecar (planned)
A5: VAT-ALG-4 | B5: ALG-17 | C5: Have/want exchange | D5: Have/Want Fingerprint Exchange | E5: 2 | F5: Fingerprint sets held by each peer | G5: 1. Sender lists fingerprints (HAVE). 2. If the list exceeds 4,096, send a Bloom filter sized for false-positive rate ≤ 1e-6. 3. Receiver replies WANT with fingerprints it lacks (exact list for Bloom hits). 4. Sender transmits only wanted Fact Units on the bulk lane. | H5: Minimal DATA transfer | I5: Yes | J5: qb_vat_sidecar (planned)
A6: VAT-ALG-5 | B6: ALG-18 | C6: Session certificate and Merkle root | D6: Agent Session Certificate; VAT Hash-Chained Ledger with Merkle Checkpoints | E6: 2 | F6: Session ledger entries | G6: 1. Hash each ledger entry, chained to its predecessor. 2. Build a Merkle tree over entry hashes; take the root. 3. Count verdicts and compute coverage. 4. Sign; seal as a Fact Unit; optionally anchor. Verify: recompute the root from the ledger and compare with the certificate and anchor. | H6: Signed Agent Session Certificate | I6: Yes | J6: qb_vat_sidecar (planned)
A7: VAT-ALG-6 | B7: ALG-19 | C7: Agent reputation | D7: Agent Reputation Evidence Pair | E7: 2 | F7: Verdict history per agent | G7: 1. α = 1 + verified count; β = 1 + contradicted count. 2. Score = α / (α + β); credible interval from Beta(α, β). 3. If the score falls below the policy threshold, propose tier reduction, approval requirement or allow-list restriction to an operator; apply only on a recorded decision. | H7: Reputation score and interval; proposed restriction | I7: Yes | J7: qb_vat_control (planned)

Sheet Reference Numerals
A1: Numeral | B1: Element | C1: FIG. | D1: QueryBook numeral
A2: 100 | B2: AI agent (unmodified) | C2: 1 | D2: 5600
A3: 105 | B3: Egress-lock boundary | C3: 1 | D3: 5605
A4: 110 | B4: VAT sidecar | C4: 1 | D4: 5610
A5: 112 | B5: Protocol adapters (MCP, A2A, HTTP) | C5: 1 | D5: 5612
A6: 114 | B6: Claim extraction | C6: 1 | D6: 5614
A7: 116 | B7: Intent binding | C7: 1 | D7: 5616
A8: 118 | B8: Frame codec and signing | C8: 1 | D8: 5618
A9: 120 | B9: Encrypted connection (QUIC streams or TLS over TCP) | C9: 1 | D9: 5620
A10: 122 | B10: Control lane | C10: 1 | D10: 5622
A11: 124 | B11: Normal lane | C11: 1 | D11: 5624
A12: 126 | B12: Bulk lane | C12: 1 | D12: 5626
A13: 130 | B13: Peer VAT sidecar | C13: 1 | D13: 5630
... A33: 295 | B33: Privacy mode (fingerprint-only) | C33: 2 | D33: 5795

Sheet Claims Map
A1: Claim | B1: Type | C1: Depends on | D1: QueryBook claim | E1: Features
A2: 1 | B2: Independent (method) | D2: 355 | E2: VAT-01, VAT-04, VAT-06, VAT-07, VAT-08, VAT-09, VAT-15, VAT-16
A3: 2 | B3: Dependent | C3: 1 | D3: 356 | E3: VAT-09
A4: 3 | B4: Dependent | C4: 1 | D4: 357 | E4: VAT-11, VAT-12
A5: 4 | B5: Dependent | C5: 1 | D5: 358 | E5: VAT-13
A6: 5 | B6: Dependent | C6: 1 | D6: 359 | E6: VAT-14
A7: 6 | B7: Dependent | C7: 1 | D7: 360 | E7: VAT-06
A8: 7 | B8: Dependent | C8: 1 | D8: 361 | E8: VAT-01, VAT-02, VAT-03
A9: 8 | B9: Dependent | C9: 1 | D9: 362 | E9: VAT-10
A10: 9 | B10: Dependent | C10: 1 | D10: 363 | E10: VAT-17, VAT-18
A11: 10 | B11: Dependent | C11: 1 | D11: 364 | E11: VAT-15
A12: 11 | B12: Independent (computer-readable medium) | C12: 1–10 | D12: 365 | E12: All
